<?xml version="1.0" encoding="iso-8859-1"?>
<a002>
  <LISTA_DADOS_BASICOS>
    <DADOS_BASICOS NUM_SERIE_ELEMENTO_PRIMARIO="EST_PILOTO_CIT_1708" COD_INSTALACAO="10758" COD_TAG_PONTO_MEDICAO="EST_PILOTO_CIT">
      <LISTA_CONFIGURACAO_CV>
        <CONFIGURACAO_CV>
          <NUM_SERIE_COMPUTADOR_VAZAO>ESTIMADO</NUM_SERIE_COMPUTADOR_VAZAO>
          <DHA_COLETA>05/05/2020 17:05:07</DHA_COLETA>
          <MED_TEMPERATURA>0,00</MED_TEMPERATURA>
          <MED_PRESSAO_ATMSA>0,000</MED_PRESSAO_ATMSA>
          <MED_PRESSAO_RFRNA>0,000</MED_PRESSAO_RFRNA>
          <MED_DENSIDADE_RELATIVA>0,00000000</MED_DENSIDADE_RELATIVA>
          <DSC_VERSAO_SOFTWARE>NA</DSC_VERSAO_SOFTWARE>
        </CONFIGURACAO_CV>
      </LISTA_CONFIGURACAO_CV>
      <LISTA_ELEMENTO_PRIMARIO>
        <ELEMENTO_PRIMARIO>
          <ICE_METER_FACTOR_1>0,00000</ICE_METER_FACTOR_1>
          <ICE_K_FACTOR_1>0,00</ICE_K_FACTOR_1>
          <ICE_CUTOFF>0,000</ICE_CUTOFF>
          <ICE_LIMITE_SPRR_ALARME>0,000</ICE_LIMITE_SPRR_ALARME>
          <ICE_LIMITE_INFRR_ALARME>0,000</ICE_LIMITE_INFRR_ALARME>
          <IND_HABILITACAO_ALARME>N</IND_HABILITACAO_ALARME>
        </ELEMENTO_PRIMARIO>
      </LISTA_ELEMENTO_PRIMARIO>
      <LISTA_INSTRUMENTO_PRESSAO>
        <INSTRUMENTO_PRESSAO>
          <NUM_SERIE>EST_PILOTO_CITPT</NUM_SERIE>
          <MED_PRSO_LIMITE_SPRR_ALRME>0,000</MED_PRSO_LIMITE_SPRR_ALRME>
          <MED_PRSO_LMTE_INFRR_ALRME>0,000</MED_PRSO_LMTE_INFRR_ALRME>
          <IND_HABILITACAO_ALARME>N</IND_HABILITACAO_ALARME>
          <MED_PRSO_ADOTADA_FALHA>0,000</MED_PRSO_ADOTADA_FALHA>
          <DSC_ESTADO_INSNO_CASO_FALHA>NA</DSC_ESTADO_INSNO_CASO_FALHA>
          <IND_TIPO_PRESSAO_CONSIDERADA>A</IND_TIPO_PRESSAO_CONSIDERADA>
        </INSTRUMENTO_PRESSAO>
      </LISTA_INSTRUMENTO_PRESSAO>
      <LISTA_INSTRUMENTO_TEMPERATURA>
        <INSTRUMENTO_TEMPERATURA>
          <NUM_SERIE>EST_PILOTO_CITTT</NUM_SERIE>
          <MED_TMPTA_SPRR_ALARME>0,00</MED_TMPTA_SPRR_ALARME>
          <MED_TMPTA_INFRR_ALRME>0,00</MED_TMPTA_INFRR_ALRME>
          <IND_HABILITACAO_ALARME>N</IND_HABILITACAO_ALARME>
          <MED_TMPTA_ADTTA_FALHA>0,00</MED_TMPTA_ADTTA_FALHA>
          <DSC_ESTADO_INSTRUMENTO_FALHA>NA</DSC_ESTADO_INSTRUMENTO_FALHA>
        </INSTRUMENTO_TEMPERATURA>
      </LISTA_INSTRUMENTO_TEMPERATURA>
      <LISTA_PRODUCAO>
        <PRODUCAO>
          <DHA_INICIO_PERIODO_MEDICAO>04/05/2020 17:00:00</DHA_INICIO_PERIODO_MEDICAO>
          <DHA_FIM_PERIODO_MEDICAO>05/05/2020 17:00:00</DHA_FIM_PERIODO_MEDICAO>
          <MED_PRESSAO_ESTATICA>0,000</MED_PRESSAO_ESTATICA>
          <MED_TEMPERATURA>0,00</MED_TEMPERATURA>
          <PRZ_DURACAO_FLUXO_EFETIVO>1440,0000</PRZ_DURACAO_FLUXO_EFETIVO>
          <MED_BRUTO_MOVIMENTADO>0,10800</MED_BRUTO_MOVIMENTADO>
          <MED_CORRIGIDO_MVMDO>0,10800</MED_CORRIGIDO_MVMDO>
        </PRODUCAO>
      </LISTA_PRODUCAO>
    </DADOS_BASICOS>
  </LISTA_DADOS_BASICOS>
</a002>